SRR12150528,2020-07-06 11:24:24,2020-07-06 11:23:07,22704,6604684,0,290,2,,https://sra-download.ncbi.nlm.nih.gov/traces/sra20/SRR/011865/SRR12150528,SRX8670373,400,AMPLICON,PCR,GENOMIC,SINGLE,0,0,ILLUMINA,Illumina HiSeq 2500,SRP270241,PRJNA644063,,644063,SRS6949990,SAMN15450771,simple,1436733,rat gut metagenome,D_16,,,,,,,no,,,,,CHENDU UNIVERSITY OF TCM,SRA1094995,,public,1946DF78966D57B1934F4AB63B2B4D48,FDBA78B1A541EA974D4BA157EB26347B
SRR12150527,2020-07-06 11:24:24,2020-07-06 11:22:51,13497,3923133,0,290,1,,https://sra-download.ncbi.nlm.nih.gov/traces/sra46/SRR/011865/SRR12150527,SRX8670374,401,AMPLICON,PCR,GENOMIC,SINGLE,0,0,ILLUMINA,Illumina HiSeq 2500,SRP270241,PRJNA644063,,644063,SRS6949991,SAMN15450772,simple,1436733,rat gut metagenome,D_21,,,,,,,no,,,,,CHENDU UNIVERSITY OF TCM,SRA1094995,,public,076C85C39CB83C6836681BC9791A5A74,5AEA8043EBF5C529FE6B272034661BA2
SRR12150516,2020-07-06 11:24:24,2020-07-06 11:22:45,21372,6220479,0,291,2,,https://sra-download.ncbi.nlm.nih.gov/traces/sra74/SRR/011865/SRR12150516,SRX8670385,402,AMPLICON,PCR,GENOMIC,SINGLE,0,0,ILLUMINA,Illumina HiSeq 2500,SRP270241,PRJNA644063,,644063,SRS6950002,SAMN15450773,simple,1436733,rat gut metagenome,D_23,,,,,,,no,,,,,CHENDU UNIVERSITY OF TCM,SRA1094995,,public,4CC9B7119FA607EDC89F08E42F5FACFE,42EB8EF7253BF2E010894DA40A0B369C
SRR12150505,2020-07-06 11:24:25,2020-07-06 11:21:50,27010,7858958,0,290,2,,https://sra-download.ncbi.nlm.nih.gov/traces/sra75/SRR/011865/SRR12150505,SRX8670396,403,AMPLICON,PCR,GENOMIC,SINGLE,0,0,ILLUMINA,Illumina HiSeq 2500,SRP270241,PRJNA644063,,644063,SRS6950013,SAMN15450774,simple,1436733,rat gut metagenome,D_25,,,,,,,no,,,,,CHENDU UNIVERSITY OF TCM,SRA1094995,,public,256DBEE3A152FDC8EAC22785FE2631B7,530FAC67DF5E68CD47167D518CBC8F79
SRR12150494,2020-07-06 11:23:13,2020-07-06 11:21:23,28916,8424695,0,291,3,,https://sra-download.ncbi.nlm.nih.gov/traces/sra50/SRR/011865/SRR12150494,SRX8670407,404,AMPLICON,PCR,GENOMIC,SINGLE,0,0,ILLUMINA,Illumina HiSeq 2500,SRP270241,PRJNA644063,,644063,SRS6950024,SAMN15450775,simple,1436733,rat gut metagenome,D_26,,,,,,,no,,,,,CHENDU UNIVERSITY OF TCM,SRA1094995,,public,A35B1CC08B436BC5FBBA9AF67E83E16A,E570D7CB7BF38FFEB75024619B5D60B8
SRR12150483,2020-07-06 11:21:27,2020-07-06 11:20:32,15583,4534533,0,290,1,,https://sra-download.ncbi.nlm.nih.gov/traces/sra51/SRR/011865/SRR12150483,SRX8670418,405,AMPLICON,PCR,GENOMIC,SINGLE,0,0,ILLUMINA,Illumina HiSeq 2500,SRP270241,PRJNA644063,,644063,SRS6950035,SAMN15450776,simple,1436733,rat gut metagenome,D_29,,,,,,,no,,,,,CHENDU UNIVERSITY OF TCM,SRA1094995,,public,E0B351A6BE3535BE6902E55183F76B57,7F6E6E7C96721739546ECF407303D8DD
SRR12150472,2020-07-06 11:21:28,2020-07-06 11:19:46,29348,8537235,0,290,3,,https://sra-download.ncbi.nlm.nih.gov/traces/sra70/SRR/011865/SRR12150472,SRX8670429,406,AMPLICON,PCR,GENOMIC,SINGLE,0,0,ILLUMINA,Illumina HiSeq 2500,SRP270241,PRJNA644063,,644063,SRS6950046,SAMN15450777,simple,1436733,rat gut metagenome,D_30,,,,,,,no,,,,,CHENDU UNIVERSITY OF TCM,SRA1094995,,public,97D4EDF950FA2D52B938B670D2C728DE,40014A6C8383CD0ED8B2E046587C5ED9
SRR12150471,2020-07-06 11:21:28,2020-07-06 11:19:45,26697,7769170,0,291,2,,https://sra-download.ncbi.nlm.nih.gov/traces/sra50/SRR/011865/SRR12150471,SRX8670430,407,AMPLICON,PCR,GENOMIC,SINGLE,0,0,ILLUMINA,Illumina HiSeq 2500,SRP270241,PRJNA644063,,644063,SRS6950047,SAMN15450778,simple,1436733,rat gut metagenome,D_53,,,,,,,no,,,,,CHENDU UNIVERSITY OF TCM,SRA1094995,,public,0290B4AC63D5EFA2BFDB59CAD703CEB8,4E1B7FCA8512A28A34601B2569A37734
SRR12150470,2020-07-06 11:21:28,2020-07-06 11:19:40,28863,8398984,0,290,3,,https://sra-download.ncbi.nlm.nih.gov/traces/sra58/SRR/011865/SRR12150470,SRX8670431,408,AMPLICON,PCR,GENOMIC,SINGLE,0,0,ILLUMINA,Illumina HiSeq 2500,SRP270241,PRJNA644063,,644063,SRS6950048,SAMN15450779,simple,1436733,rat gut metagenome,D_63,,,,,,,no,,,,,CHENDU UNIVERSITY OF TCM,SRA1094995,,public,9603AE6B427090A611D638CE14A2C1A5,E48C1220011C35A8E91071C9795BC35D
SRR12150469,2020-07-06 11:33:40,2020-07-06 11:23:30,19664,5722043,0,290,2,,https://sra-download.ncbi.nlm.nih.gov/traces/sra3/SRR/011865/SRR12150469,SRX8670432,409,AMPLICON,PCR,GENOMIC,SINGLE,0,0,ILLUMINA,Illumina HiSeq 2500,SRP270241,PRJNA644063,,644063,SRS6950049,SAMN15450780,simple,1436733,rat gut metagenome,D_74,,,,,,,no,,,,,CHENDU UNIVERSITY OF TCM,SRA1094995,,public,AEBECF0669C5C64805CCAD08965FE97E,17EF75CFAEC6A9E8536BAE2B9A6A8613
SRR12150525,2020-07-06 11:24:24,2020-07-06 11:23:09,19470,5669233,0,291,2,,https://sra-download.ncbi.nlm.nih.gov/traces/sra19/SRR/011865/SRR12150525,SRX8670376,411,AMPLICON,PCR,GENOMIC,SINGLE,0,0,ILLUMINA,Illumina HiSeq 2500,SRP270241,PRJNA644063,,644063,SRS6949993,SAMN15450782,simple,1436733,rat gut metagenome,G_58,,,,,,,no,,,,,CHENDU UNIVERSITY OF TCM,SRA1094995,,public,F11E008EE64980A9EA1B8292C7530589,3CE94055E1F9961C203EC35675A7F7E1
SRR12150524,2020-07-06 11:24:24,2020-07-06 11:22:53,17978,5218805,0,290,1,,https://sra-download.ncbi.nlm.nih.gov/traces/sra62/SRR/011865/SRR12150524,SRX8670377,412,AMPLICON,PCR,GENOMIC,SINGLE,0,0,ILLUMINA,Illumina HiSeq 2500,SRP270241,PRJNA644063,,644063,SRS6949994,SAMN15450783,simple,1436733,rat gut metagenome,G_59,,,,,,,no,,,,,CHENDU UNIVERSITY OF TCM,SRA1094995,,public,8D501A5BEED83EEC3FACBAB1F08DCEDE,616739EBFD49B868F33D5138F48C5FA4
SRR12150523,2020-07-06 11:24:24,2020-07-06 11:22:54,20191,5877176,0,291,2,,https://sra-download.ncbi.nlm.nih.gov/traces/sra60/SRR/011865/SRR12150523,SRX8670378,413,AMPLICON,PCR,GENOMIC,SINGLE,0,0,ILLUMINA,Illumina HiSeq 2500,SRP270241,PRJNA644063,,644063,SRS6949995,SAMN15450784,simple,1436733,rat gut metagenome,G_60,,,,,,,no,,,,,CHENDU UNIVERSITY OF TCM,SRA1094995,,public,D09CEE176C281B2FF28D045E91B14180,73494B987DEDA10CEB023EE7BD4E6D9A
SRR12150522,2020-07-06 11:24:24,2020-07-06 11:22:57,21831,6351070,0,290,2,,https://sra-download.ncbi.nlm.nih.gov/traces/sra60/SRR/011865/SRR12150522,SRX8670379,414,AMPLICON,PCR,GENOMIC,SINGLE,0,0,ILLUMINA,Illumina HiSeq 2500,SRP270241,PRJNA644063,,644063,SRS6949996,SAMN15450785,simple,1436733,rat gut metagenome,G_68,,,,,,,no,,,,,CHENDU UNIVERSITY OF TCM,SRA1094995,,public,84073DB49B5EEF7F404105FC7D249A8A,39056FD2CEA2DA638DE1829C59784363
SRR12150526,2020-07-06 11:24:24,2020-07-06 11:22:54,15026,4371397,0,290,1,,https://sra-download.ncbi.nlm.nih.gov/traces/sra57/SRR/011865/SRR12150526,SRX8670375,410,AMPLICON,PCR,GENOMIC,SINGLE,0,0,ILLUMINA,Illumina HiSeq 2500,SRP270241,PRJNA644063,,644063,SRS6949992,SAMN15450781,simple,1436733,rat gut metagenome,G_7,,,,,,,no,,,,,CHENDU UNIVERSITY OF TCM,SRA1094995,,public,A209B78FB4A5AA7B34F4410E7D6F0598,31BD053DFD4416F532015BCA4F3E8FF5
SRR12150521,2020-07-06 11:24:24,2020-07-06 11:22:52,25821,7507538,0,290,2,,https://sra-download.ncbi.nlm.nih.gov/traces/sra77/SRR/011865/SRR12150521,SRX8670380,415,AMPLICON,PCR,GENOMIC,SINGLE,0,0,ILLUMINA,Illumina HiSeq 2500,SRP270241,PRJNA644063,,644063,SRS6949997,SAMN15450786,simple,1436733,rat gut metagenome,G_80,,,,,,,no,,,,,CHENDU UNIVERSITY OF TCM,SRA1094995,,public,4E49CD0F690954E558E7AD828CF01065,B8B9D29C409BED3475006141E94D75D5
SRR12150520,2020-07-06 11:25:33,2020-07-06 11:23:20,16534,4810427,0,290,1,,https://sra-download.ncbi.nlm.nih.gov/traces/sra51/SRR/011865/SRR12150520,SRX8670381,416,AMPLICON,PCR,GENOMIC,SINGLE,0,0,ILLUMINA,Illumina HiSeq 2500,SRP270241,PRJNA644063,,644063,SRS6949998,SAMN15450787,simple,1436733,rat gut metagenome,G_84,,,,,,,no,,,,,CHENDU UNIVERSITY OF TCM,SRA1094995,,public,B2223F4FAE1F2A0326E78AE5AB56C4DA,338C91C6678C0FB57436A46399110267
SRR12150519,2020-07-06 11:24:24,2020-07-06 11:22:55,28232,8215976,0,291,3,,https://sra-download.ncbi.nlm.nih.gov/traces/sra23/SRR/011865/SRR12150519,SRX8670382,417,AMPLICON,PCR,GENOMIC,SINGLE,0,0,ILLUMINA,Illumina HiSeq 2500,SRP270241,PRJNA644063,,644063,SRS6949999,SAMN15450788,simple,1436733,rat gut metagenome,G_85,,,,,,,no,,,,,CHENDU UNIVERSITY OF TCM,SRA1094995,,public,7D61F71DC37535F21E906519BDC952F4,1CB57CD72343BCC82816D1228B0D1CA0
SRR12150518,2020-07-06 11:24:24,2020-07-06 11:22:48,17756,5174133,0,291,1,,https://sra-download.ncbi.nlm.nih.gov/traces/sra15/SRR/011865/SRR12150518,SRX8670383,418,AMPLICON,PCR,GENOMIC,SINGLE,0,0,ILLUMINA,Illumina HiSeq 2500,SRP270241,PRJNA644063,,644063,SRS6950000,SAMN15450789,simple,1436733,rat gut metagenome,G_87,,,,,,,no,,,,,CHENDU UNIVERSITY OF TCM,SRA1094995,,public,ECEEE7D964FF398003F929AF8224D298,A5C7D1539A53E8B7845F2ACB345A5CF9
SRR12150517,2020-07-06 11:24:24,2020-07-06 11:22:01,11849,3450003,0,291,1,,https://sra-download.ncbi.nlm.nih.gov/traces/sra24/SRR/011865/SRR12150517,SRX8670384,419,AMPLICON,PCR,GENOMIC,SINGLE,0,0,ILLUMINA,Illumina HiSeq 2500,SRP270241,PRJNA644063,,644063,SRS6950001,SAMN15450790,simple,1436733,rat gut metagenome,G_92,,,,,,,no,,,,,CHENDU UNIVERSITY OF TCM,SRA1094995,,public,B0B85C13988EFDCE12C84EB1B8513172,286193E923BEEF9773C84543F09FF8CD
SRR12150509,2020-07-06 11:24:25,2020-07-06 11:21:50,28205,8216068,0,291,3,,https://sra-download.ncbi.nlm.nih.gov/traces/sra74/SRR/011865/SRR12150509,SRX8670392,426,AMPLICON,PCR,GENOMIC,SINGLE,0,0,ILLUMINA,Illumina HiSeq 2500,SRP270241,PRJNA644063,,644063,SRS6950009,SAMN15450797,simple,1436733,rat gut metagenome,K_10,,,,,,,no,,,,,CHENDU UNIVERSITY OF TCM,SRA1094995,,public,F07642BEA9584C9BA3FB9043D84909F3,0EEDEEF659A3B8B7F85893D0A8804634
SRR12150508,2020-07-06 11:24:25,2020-07-06 11:21:48,27190,7909919,0,290,3,,https://sra-download.ncbi.nlm.nih.gov/traces/sra29/SRR/011865/SRR12150508,SRX8670393,427,AMPLICON,PCR,GENOMIC,SINGLE,0,0,ILLUMINA,Illumina HiSeq 2500,SRP270241,PRJNA644063,,644063,SRS6950010,SAMN15450798,simple,1436733,rat gut metagenome,K_11,,,,,,,no,,,,,CHENDU UNIVERSITY OF TCM,SRA1094995,,public,2F2CD3EF6B17659726E1B844D6A41AC8,B40D77F74A25D106B988AE7EDE70106C
SRR12150507,2020-07-06 11:24:25,2020-07-06 11:21:43,15082,4309495,0,285,1,,https://sra-download.ncbi.nlm.nih.gov/traces/sra16/SRR/011865/SRR12150507,SRX8670394,428,AMPLICON,PCR,GENOMIC,SINGLE,0,0,ILLUMINA,Illumina HiSeq 2500,SRP270241,PRJNA644063,,644063,SRS6950011,SAMN15450799,simple,1436733,rat gut metagenome,K_12,,,,,,,no,,,,,CHENDU UNIVERSITY OF TCM,SRA1094995,,public,B01183D2FFF4B57A780A0DD4CA8D00D1,4450E2EABEA2E30B212FBC21E7EAF7CF
SRR12150515,2020-07-06 11:24:24,2020-07-06 11:23:00,24774,7084798,0,285,2,,https://sra-download.ncbi.nlm.nih.gov/traces/sra48/SRR/011865/SRR12150515,SRX8670386,420,AMPLICON,PCR,GENOMIC,SINGLE,0,0,ILLUMINA,Illumina HiSeq 2500,SRP270241,PRJNA644063,,644063,SRS6950003,SAMN15450791,simple,1436733,rat gut metagenome,K_2,,,,,,,no,,,,,CHENDU UNIVERSITY OF TCM,SRA1094995,,public,C53C9417BA9B7FDF406492D7763C4A2F,8C42EB3F1654D30CF3E6D03337A1B73A
SRR12150514,2020-07-06 11:24:24,2020-07-06 11:22:00,26048,7450206,0,286,2,,https://sra-download.ncbi.nlm.nih.gov/traces/sra60/SRR/011865/SRR12150514,SRX8670387,421,AMPLICON,PCR,GENOMIC,SINGLE,0,0,ILLUMINA,Illumina HiSeq 2500,SRP270241,PRJNA644063,,644063,SRS6950004,SAMN15450792,simple,1436733,rat gut metagenome,K_3,,,,,,,no,,,,,CHENDU UNIVERSITY OF TCM,SRA1094995,,public,AE573FEB583FC0319DD44CEBB2185CD5,8C7B30D72AFF4C0C8910FA41270ECCEA
SRR12150513,2020-07-06 11:24:25,2020-07-06 11:21:48,10150,2896203,0,285,1,,https://sra-download.ncbi.nlm.nih.gov/traces/sra45/SRR/011865/SRR12150513,SRX8670388,422,AMPLICON,PCR,GENOMIC,SINGLE,0,0,ILLUMINA,Illumina HiSeq 2500,SRP270241,PRJNA644063,,644063,SRS6950005,SAMN15450793,simple,1436733,rat gut metagenome,K_4,,,,,,,no,,,,,CHENDU UNIVERSITY OF TCM,SRA1094995,,public,E5EC097D86A376F22AD0736EEF55905D,FB6C081998829D1CF24B7A0C46F51913
SRR12150512,2020-07-06 11:24:25,2020-07-06 11:21:53,13432,3850859,0,286,1,,https://sra-download.ncbi.nlm.nih.gov/traces/sra77/SRR/011865/SRR12150512,SRX8670389,423,AMPLICON,PCR,GENOMIC,SINGLE,0,0,ILLUMINA,Illumina HiSeq 2500,SRP270241,PRJNA644063,,644063,SRS6950006,SAMN15450794,simple,1436733,rat gut metagenome,K_6,,,,,,,no,,,,,CHENDU UNIVERSITY OF TCM,SRA1094995,,public,E267721E4A64E752FD9C46CF433D3370,A154B119826043BD5193C2094BC24E34
SRR12150511,2020-07-06 11:24:25,2020-07-06 11:21:46,17391,4932613,0,283,1,,https://sra-download.ncbi.nlm.nih.gov/traces/sra38/SRR/011865/SRR12150511,SRX8670390,424,AMPLICON,PCR,GENOMIC,SINGLE,0,0,ILLUMINA,Illumina HiSeq 2500,SRP270241,PRJNA644063,,644063,SRS6950007,SAMN15450795,simple,1436733,rat gut metagenome,K_8,,,,,,,no,,,,,CHENDU UNIVERSITY OF TCM,SRA1094995,,public,2CD680E695B1F5BD02BBD354B8E5B14E,40A432413BB5CB89ABA3268D15E04D49
SRR12150510,2020-07-06 11:24:25,2020-07-06 11:21:47,19427,5647170,0,290,2,,https://sra-download.ncbi.nlm.nih.gov/traces/sra68/SRR/011865/SRR12150510,SRX8670391,425,AMPLICON,PCR,GENOMIC,SINGLE,0,0,ILLUMINA,Illumina HiSeq 2500,SRP270241,PRJNA644063,,644063,SRS6950008,SAMN15450796,simple,1436733,rat gut metagenome,K_9,,,,,,,no,,,,,CHENDU UNIVERSITY OF TCM,SRA1094995,,public,E7EB3EF920C0F16707A30CCB32EB4654,A217312A999AF2BE47517950E18E60EA
SRR12150506,2020-07-06 11:24:25,2020-07-06 11:21:44,29734,8578267,0,288,3,,https://sra-download.ncbi.nlm.nih.gov/traces/sra8/SRR/011865/SRR12150506,SRX8670395,429,AMPLICON,PCR,GENOMIC,SINGLE,0,0,ILLUMINA,Illumina HiSeq 2500,SRP270241,PRJNA644063,,644063,SRS6950012,SAMN15450800,simple,1436733,rat gut metagenome,K_94,,,,,,,no,,,,,CHENDU UNIVERSITY OF TCM,SRA1094995,,public,838B9D1C0A4813CF77CF98AA38C3EB6F,44D22D2173AD92FAFB36D9E4BABC232A
SRR12150504,2020-07-06 11:24:25,2020-07-06 11:21:48,25206,7189572,0,285,2,,https://sra-download.ncbi.nlm.nih.gov/traces/sra63/SRR/011865/SRR12150504,SRX8670397,430,AMPLICON,PCR,GENOMIC,SINGLE,0,0,ILLUMINA,Illumina HiSeq 2500,SRP270241,PRJNA644063,,644063,SRS6950014,SAMN15450801,simple,1436733,rat gut metagenome,K_95,,,,,,,no,,,,,CHENDU UNIVERSITY OF TCM,SRA1094995,,public,F65F66390956DE3E73AFB8D470A09812,7F9AA10955C24CA37832C10151D98443
SRR12150503,2020-07-06 11:24:25,2020-07-06 11:21:51,17529,5092821,0,290,1,,https://sra-download.ncbi.nlm.nih.gov/traces/sra8/SRR/011865/SRR12150503,SRX8670398,431,AMPLICON,PCR,GENOMIC,SINGLE,0,0,ILLUMINA,Illumina HiSeq 2500,SRP270241,PRJNA644063,,644063,SRS6950015,SAMN15450802,simple,1436733,rat gut metagenome,M_13,,,,,,,no,,,,,CHENDU UNIVERSITY OF TCM,SRA1094995,,public,F04F41FA7AD1D3E9590628B840692FD1,E0953237308716C1C71821E63A6E7DDB
SRR12150502,2020-07-06 11:24:25,2020-07-06 11:21:39,13475,3920057,0,290,1,,https://sra-download.ncbi.nlm.nih.gov/traces/sra8/SRR/011865/SRR12150502,SRX8670399,432,AMPLICON,PCR,GENOMIC,SINGLE,0,0,ILLUMINA,Illumina HiSeq 2500,SRP270241,PRJNA644063,,644063,SRS6950016,SAMN15450803,simple,1436733,rat gut metagenome,M_17,,,,,,,no,,,,,CHENDU UNIVERSITY OF TCM,SRA1094995,,public,83F117AE4889E888B61BF6E20CF83C1A,A5F7CD40AD3ACB4E187F97D270236E6D
SRR12150501,2020-07-06 11:24:25,2020-07-06 11:21:31,27948,8127328,0,290,2,,https://sra-download.ncbi.nlm.nih.gov/traces/sra77/SRR/011865/SRR12150501,SRX8670400,433,AMPLICON,PCR,GENOMIC,SINGLE,0,0,ILLUMINA,Illumina HiSeq 2500,SRP270241,PRJNA644063,,644063,SRS6950017,SAMN15450804,simple,1436733,rat gut metagenome,M_19,,,,,,,no,,,,,CHENDU UNIVERSITY OF TCM,SRA1094995,,public,1DCD17FE7836F9072E95111AAA95416B,608F6231F8FE08B0031D3F7F4CB372A5
SRR12150500,2020-07-06 11:23:13,2020-07-06 11:21:25,25722,7481628,0,290,2,,https://sra-download.ncbi.nlm.nih.gov/traces/sra33/SRR/011865/SRR12150500,SRX8670401,434,AMPLICON,PCR,GENOMIC,SINGLE,0,0,ILLUMINA,Illumina HiSeq 2500,SRP270241,PRJNA644063,,644063,SRS6950018,SAMN15450805,simple,1436733,rat gut metagenome,M_24,,,,,,,no,,,,,CHENDU UNIVERSITY OF TCM,SRA1094995,,public,362B8348B4F4636F157B70DEFF06212E,9D925CF818560E0CAA59AA20C6C1B3F7
SRR12150499,2020-07-06 11:23:13,2020-07-06 11:21:23,21895,6373435,0,291,2,,https://sra-download.ncbi.nlm.nih.gov/traces/sra63/SRR/011865/SRR12150499,SRX8670402,435,AMPLICON,PCR,GENOMIC,SINGLE,0,0,ILLUMINA,Illumina HiSeq 2500,SRP270241,PRJNA644063,,644063,SRS6950019,SAMN15450806,simple,1436733,rat gut metagenome,M_32,,,,,,,no,,,,,CHENDU UNIVERSITY OF TCM,SRA1094995,,public,C5E0A2EB7E4337A3DC7D50ADCEF03E79,2BF961BBE497C9F4FFBB894318C72E2E
SRR12150498,2020-07-06 11:23:13,2020-07-06 11:21:24,17736,5160892,0,290,1,,https://sra-download.ncbi.nlm.nih.gov/traces/sra59/SRR/011865/SRR12150498,SRX8670403,436,AMPLICON,PCR,GENOMIC,SINGLE,0,0,ILLUMINA,Illumina HiSeq 2500,SRP270241,PRJNA644063,,644063,SRS6950020,SAMN15450807,simple,1436733,rat gut metagenome,M_35,,,,,,,no,,,,,CHENDU UNIVERSITY OF TCM,SRA1094995,,public,A0A9BFCECA762DEE8619307D168576A4,BED806AB1976EC4D7EE70ADFDB6F7D8B
SRR12150497,2020-07-06 11:23:13,2020-07-06 11:21:23,14021,4081108,0,291,1,,https://sra-download.ncbi.nlm.nih.gov/traces/sra72/SRR/011865/SRR12150497,SRX8670404,437,AMPLICON,PCR,GENOMIC,SINGLE,0,0,ILLUMINA,Illumina HiSeq 2500,SRP270241,PRJNA644063,,644063,SRS6950021,SAMN15450808,simple,1436733,rat gut metagenome,M_41,,,,,,,no,,,,,CHENDU UNIVERSITY OF TCM,SRA1094995,,public,F497C0C977A797045F972888571C46A2,83E35CDB84CDF608590A54D893F4ED88
SRR12150496,2020-07-06 11:23:13,2020-07-06 11:21:24,17044,4959528,0,290,1,,https://sra-download.ncbi.nlm.nih.gov/traces/sra8/SRR/011865/SRR12150496,SRX8670405,438,AMPLICON,PCR,GENOMIC,SINGLE,0,0,ILLUMINA,Illumina HiSeq 2500,SRP270241,PRJNA644063,,644063,SRS6950022,SAMN15450809,simple,1436733,rat gut metagenome,M_50,,,,,,,no,,,,,CHENDU UNIVERSITY OF TCM,SRA1094995,,public,A43FB119A1204B32814DC874ACD7DC5A,5C9552ACEBEAB654C272AB1E932529F1
SRR12150495,2020-07-06 11:23:13,2020-07-06 11:21:23,25244,7348645,0,291,2,,https://sra-download.ncbi.nlm.nih.gov/traces/sra59/SRR/011865/SRR12150495,SRX8670406,439,AMPLICON,PCR,GENOMIC,SINGLE,0,0,ILLUMINA,Illumina HiSeq 2500,SRP270241,PRJNA644063,,644063,SRS6950023,SAMN15450810,simple,1436733,rat gut metagenome,M_54,,,,,,,no,,,,,CHENDU UNIVERSITY OF TCM,SRA1094995,,public,7FE92538C35B09E3347AE0755C03051F,8B7CAFA69B0F0DC1A684C43B282F3345
SRR12150493,2020-07-06 11:23:13,2020-07-06 11:21:23,15978,4648281,0,290,1,,https://sra-download.ncbi.nlm.nih.gov/traces/sra68/SRR/011865/SRR12150493,SRX8670408,440,AMPLICON,PCR,GENOMIC,SINGLE,0,0,ILLUMINA,Illumina HiSeq 2500,SRP270241,PRJNA644063,,644063,SRS6950025,SAMN15450811,simple,1436733,rat gut metagenome,M_55,,,,,,,no,,,,,CHENDU UNIVERSITY OF TCM,SRA1094995,,public,CA10063C7A48B5A8B7451EA3045B674F,5D7C2C8E634BB8368834D19B52FC8200
SRR12150492,2020-07-06 11:23:13,2020-07-06 11:20:58,11033,3213125,0,291,1,,https://sra-download.ncbi.nlm.nih.gov/traces/sra6/SRR/011865/SRR12150492,SRX8670409,441,AMPLICON,PCR,GENOMIC,SINGLE,0,0,ILLUMINA,Illumina HiSeq 2500,SRP270241,PRJNA644063,,644063,SRS6950026,SAMN15450812,simple,1436733,rat gut metagenome,M_86,,,,,,,no,,,,,CHENDU UNIVERSITY OF TCM,SRA1094995,,public,01187755209B76A3363C6C938161C5F5,F592F86B6A4453E0EA676AC723851378
SRR12150491,2020-07-06 11:23:13,2020-07-06 11:20:57,25091,7302455,0,291,2,,https://sra-download.ncbi.nlm.nih.gov/traces/sra38/SRR/011865/SRR12150491,SRX8670410,442,AMPLICON,PCR,GENOMIC,SINGLE,0,0,ILLUMINA,Illumina HiSeq 2500,SRP270241,PRJNA644063,,644063,SRS6950027,SAMN15450813,simple,1436733,rat gut metagenome,Y_15,,,,,,,no,,,,,CHENDU UNIVERSITY OF TCM,SRA1094995,,public,74B7C1DDCC95DD77CA2073466CCD9357,A66BC097017908CD7427C0551542AABA
SRR12150490,2020-07-06 11:23:13,2020-07-06 11:20:57,23476,6834723,0,291,2,,https://sra-download.ncbi.nlm.nih.gov/traces/sra37/SRR/011865/SRR12150490,SRX8670411,443,AMPLICON,PCR,GENOMIC,SINGLE,0,0,ILLUMINA,Illumina HiSeq 2500,SRP270241,PRJNA644063,,644063,SRS6950028,SAMN15450814,simple,1436733,rat gut metagenome,Y_43,,,,,,,no,,,,,CHENDU UNIVERSITY OF TCM,SRA1094995,,public,BCFD7E62010A9133F2E8DDA6E3E1C0A6,A551D44717485B9EE17B8C071F84E79B
SRR12150489,2020-07-06 11:23:13,2020-07-06 11:20:55,24756,7202938,0,290,2,,https://sra-download.ncbi.nlm.nih.gov/traces/sra49/SRR/011865/SRR12150489,SRX8670412,444,AMPLICON,PCR,GENOMIC,SINGLE,0,0,ILLUMINA,Illumina HiSeq 2500,SRP270241,PRJNA644063,,644063,SRS6950029,SAMN15450815,simple,1436733,rat gut metagenome,Y_47,,,,,,,no,,,,,CHENDU UNIVERSITY OF TCM,SRA1094995,,public,E25D898443EC3B26B0C62D04C82E45E4,228D55C6952F1372CC2E862D2E3F436D
SRR12150488,2020-07-06 11:23:13,2020-07-06 11:20:55,24050,7008199,0,291,2,,https://sra-download.ncbi.nlm.nih.gov/traces/sra46/SRR/011865/SRR12150488,SRX8670413,445,AMPLICON,PCR,GENOMIC,SINGLE,0,0,ILLUMINA,Illumina HiSeq 2500,SRP270241,PRJNA644063,,644063,SRS6950030,SAMN15450816,simple,1436733,rat gut metagenome,Y_48,,,,,,,no,,,,,CHENDU UNIVERSITY OF TCM,SRA1094995,,public,B12CF6ACC9806A02B288D3DBD6671F0F,D65DF14FA0B88EFB7DBD764FF80188FA
SRR12150487,2020-07-06 11:23:13,2020-07-06 11:20:55,25637,7463452,0,291,2,,https://sra-download.ncbi.nlm.nih.gov/traces/sra53/SRR/011865/SRR12150487,SRX8670414,446,AMPLICON,PCR,GENOMIC,SINGLE,0,0,ILLUMINA,Illumina HiSeq 2500,SRP270241,PRJNA644063,,644063,SRS6950031,SAMN15450817,simple,1436733,rat gut metagenome,Y_49,,,,,,,no,,,,,CHENDU UNIVERSITY OF TCM,SRA1094995,,public,C89496F1606FF9D1AB66B1CB442534DF,F04BC26D5F38DC03180CE2671213E86D
SRR12150486,2020-07-06 11:23:14,2020-07-06 11:20:54,21805,6344735,0,290,2,,https://sra-download.ncbi.nlm.nih.gov/traces/sra63/SRR/011865/SRR12150486,SRX8670415,447,AMPLICON,PCR,GENOMIC,SINGLE,0,0,ILLUMINA,Illumina HiSeq 2500,SRP270241,PRJNA644063,,644063,SRS6950032,SAMN15450818,simple,1436733,rat gut metagenome,Y_51,,,,,,,no,,,,,CHENDU UNIVERSITY OF TCM,SRA1094995,,public,EFAF9AD68842D67D94994CF5482ADC93,3A368A16612A364BE0A3F5815999C3B5
SRR12150485,2020-07-06 11:23:14,2020-07-06 11:20:52,21115,6146559,0,291,2,,https://sra-download.ncbi.nlm.nih.gov/traces/sra51/SRR/011865/SRR12150485,SRX8670416,448,AMPLICON,PCR,GENOMIC,SINGLE,0,0,ILLUMINA,Illumina HiSeq 2500,SRP270241,PRJNA644063,,644063,SRS6950033,SAMN15450819,simple,1436733,rat gut metagenome,Y_71,,,,,,,no,,,,,CHENDU UNIVERSITY OF TCM,SRA1094995,,public,B76BA46BA3FE2446583E47789FA1C31D,7B53AA3B5E0E7AB152A03FF69C2BF1C2
SRR12150484,2020-07-06 11:23:14,2020-07-06 11:21:16,23982,6977057,0,290,2,,https://sra-download.ncbi.nlm.nih.gov/traces/sra50/SRR/011865/SRR12150484,SRX8670417,449,AMPLICON,PCR,GENOMIC,SINGLE,0,0,ILLUMINA,Illumina HiSeq 2500,SRP270241,PRJNA644063,,644063,SRS6950034,SAMN15450820,simple,1436733,rat gut metagenome,Y_78,,,,,,,no,,,,,CHENDU UNIVERSITY OF TCM,SRA1094995,,public,CEA5AC0383D63B130DF7D675F73E46EB,5D3610C4EA93652A81D3697FAA522FF2
SRR12150482,2020-07-06 11:21:28,2020-07-06 11:20:33,13680,3980207,0,290,1,,https://sra-download.ncbi.nlm.nih.gov/traces/sra60/SRR/011865/SRR12150482,SRX8670419,450,AMPLICON,PCR,GENOMIC,SINGLE,0,0,ILLUMINA,Illumina HiSeq 2500,SRP270241,PRJNA644063,,644063,SRS6950036,SAMN15450821,simple,1436733,rat gut metagenome,Y_79,,,,,,,no,,,,,CHENDU UNIVERSITY OF TCM,SRA1094995,,public,A01A389507B15D2725D5E0B0A446235F,D8E179BDE19FD04143F5D9B893368759
SRR12150481,2020-07-06 11:21:28,2020-07-06 11:20:32,16307,4742174,0,290,1,,https://sra-download.ncbi.nlm.nih.gov/traces/sra32/SRR/011865/SRR12150481,SRX8670420,451,AMPLICON,PCR,GENOMIC,SINGLE,0,0,ILLUMINA,Illumina HiSeq 2500,SRP270241,PRJNA644063,,644063,SRS6950037,SAMN15450822,simple,1436733,rat gut metagenome,Z_36,,,,,,,no,,,,,CHENDU UNIVERSITY OF TCM,SRA1094995,,public,526BE4A87DCA7BE03969D3AB65B54AB5,17F6E68B628494A1F8445E210E359286
SRR12150480,2020-07-06 11:21:28,2020-07-06 11:20:28,14430,4185925,0,290,1,,https://sra-download.ncbi.nlm.nih.gov/traces/sra62/SRR/011865/SRR12150480,SRX8670421,452,AMPLICON,PCR,GENOMIC,SINGLE,0,0,ILLUMINA,Illumina HiSeq 2500,SRP270241,PRJNA644063,,644063,SRS6950038,SAMN15450823,simple,1436733,rat gut metagenome,Z_40,,,,,,,no,,,,,CHENDU UNIVERSITY OF TCM,SRA1094995,,public,ABEE8D731EB34C561F52951452280479,F910213A19658E9C47E974CF67772125
SRR12150479,2020-07-06 11:21:28,2020-07-06 11:20:31,22381,6512982,0,291,2,,https://sra-download.ncbi.nlm.nih.gov/traces/sra25/SRR/011865/SRR12150479,SRX8670422,453,AMPLICON,PCR,GENOMIC,SINGLE,0,0,ILLUMINA,Illumina HiSeq 2500,SRP270241,PRJNA644063,,644063,SRS6950039,SAMN15450824,simple,1436733,rat gut metagenome,Z_65,,,,,,,no,,,,,CHENDU UNIVERSITY OF TCM,SRA1094995,,public,F08E12D18A9B44B4CC0E7AEDF4BCE081,8C76F2C1B2B402B20C122DB31210D9A5
SRR12150478,2020-07-06 11:21:28,2020-07-06 11:20:28,20956,6093460,0,290,2,,https://sra-download.ncbi.nlm.nih.gov/traces/sra12/SRR/011865/SRR12150478,SRX8670423,454,AMPLICON,PCR,GENOMIC,SINGLE,0,0,ILLUMINA,Illumina HiSeq 2500,SRP270241,PRJNA644063,,644063,SRS6950040,SAMN15450825,simple,1436733,rat gut metagenome,Z_66,,,,,,,no,,,,,CHENDU UNIVERSITY OF TCM,SRA1094995,,public,8E0B4E01B7A04B3BFDF849D6B234B41B,67D4A6CECBBA787B08FA8C87531CFADB
SRR12150477,2020-07-06 11:21:28,2020-07-06 11:20:24,24079,7003954,0,290,2,,https://sra-download.ncbi.nlm.nih.gov/traces/sra36/SRR/011865/SRR12150477,SRX8670424,455,AMPLICON,PCR,GENOMIC,SINGLE,0,0,ILLUMINA,Illumina HiSeq 2500,SRP270241,PRJNA644063,,644063,SRS6950041,SAMN15450826,simple,1436733,rat gut metagenome,Z_67,,,,,,,no,,,,,CHENDU UNIVERSITY OF TCM,SRA1094995,,public,091342DEA68588B8C31DA23D33B048D3,07BB363AC2C45A87221D5FF0D4663FC8
SRR12150476,2020-07-06 11:21:28,2020-07-06 11:20:07,13112,3815023,0,290,1,,https://sra-download.ncbi.nlm.nih.gov/traces/sra50/SRR/011865/SRR12150476,SRX8670425,456,AMPLICON,PCR,GENOMIC,SINGLE,0,0,ILLUMINA,Illumina HiSeq 2500,SRP270241,PRJNA644063,,644063,SRS6950042,SAMN15450827,simple,1436733,rat gut metagenome,Z_70,,,,,,,no,,,,,CHENDU UNIVERSITY OF TCM,SRA1094995,,public,315E483BD9F7F918E8ADCE5A0C53FC52,E6F3FB67B340E6C715D36CA82F04AAB9
SRR12150475,2020-07-06 11:21:28,2020-07-06 11:20:08,20249,5894560,0,291,2,,https://sra-download.ncbi.nlm.nih.gov/traces/sra17/SRR/011865/SRR12150475,SRX8670426,457,AMPLICON,PCR,GENOMIC,SINGLE,0,0,ILLUMINA,Illumina HiSeq 2500,SRP270241,PRJNA644063,,644063,SRS6950043,SAMN15450828,simple,1436733,rat gut metagenome,Z_88,,,,,,,no,,,,,CHENDU UNIVERSITY OF TCM,SRA1094995,,public,1CDD31F2E374E0B97C367290365604CC,0129C240749E7E84AD07AF538D0FD231
SRR12150474,2020-07-06 11:21:28,2020-07-06 11:20:06,26862,7812123,0,290,2,,https://sra-download.ncbi.nlm.nih.gov/traces/sra62/SRR/011865/SRR12150474,SRX8670427,458,AMPLICON,PCR,GENOMIC,SINGLE,0,0,ILLUMINA,Illumina HiSeq 2500,SRP270241,PRJNA644063,,644063,SRS6950044,SAMN15450829,simple,1436733,rat gut metagenome,Z_89,,,,,,,no,,,,,CHENDU UNIVERSITY OF TCM,SRA1094995,,public,CC747841864B76FAABE02EA2B9691310,DF442C0B8D072DF5CCDA985296BDECDA
SRR12150473,2020-07-06 11:21:28,2020-07-06 11:20:01,24479,7121737,0,290,2,,https://sra-download.ncbi.nlm.nih.gov/traces/sra2/SRR/011865/SRR12150473,SRX8670428,459,AMPLICON,PCR,GENOMIC,SINGLE,0,0,ILLUMINA,Illumina HiSeq 2500,SRP270241,PRJNA644063,,644063,SRS6950045,SAMN15450830,simple,1436733,rat gut metagenome,Z_91,,,,,,,no,,,,,CHENDU UNIVERSITY OF TCM,SRA1094995,,public,808FEDEE16F18E59B4ED388F9B42D284,DAB5B4B163E470DA883D4B0DE9062126
SRR9222686,2020-07-07 00:00:40,2019-06-11 22:33:04,42488,18831897,0,443,7,,https://sra-download.ncbi.nlm.nih.gov/traces/sra38/SRR/009006/SRR9222686,SRX5993183,DSSKO1,AMPLICON,PCR,METAGENOMIC,SINGLE,0,0,ILLUMINA,Illumina MiSeq,SRP200880,PRJNA547859,,547859,SRS4898113,SAMN11979347,simple,410661,mouse gut metagenome,DSSKO1,,,,,,,no,,,,,PEKING UNIVERSITY HEALTH SCIENCE CENTER,SRA895378,,public,DD5A127A233855A2686DB7DD26306351,F5A4AF30A122F8B2BEB06BD46FE5DC8C
SRR9222685,2020-07-07 00:00:40,2019-06-11 22:33:08,47069,20769753,0,441,8,,https://sra-download.ncbi.nlm.nih.gov/traces/sra75/SRR/009006/SRR9222685,SRX5993184,DSSKO4,AMPLICON,PCR,METAGENOMIC,SINGLE,0,0,ILLUMINA,Illumina MiSeq,SRP200880,PRJNA547859,,547859,SRS4898112,SAMN11979348,simple,410661,mouse gut metagenome,DSSKO4,,,,,,,no,,,,,PEKING UNIVERSITY HEALTH SCIENCE CENTER,SRA895378,,public,60D3750732B63ACDC1F90FC1755542B9,F3F236722B5E4F7F21D690BA72F39574
SRR9222688,2020-07-07 00:00:40,2019-06-11 22:33:06,40173,17927128,0,446,7,,https://sra-download.ncbi.nlm.nih.gov/traces/sra54/SRR/009006/SRR9222688,SRX5993181,DSSKO5,AMPLICON,PCR,METAGENOMIC,SINGLE,0,0,ILLUMINA,Illumina MiSeq,SRP200880,PRJNA547859,,547859,SRS4898110,SAMN11979349,simple,410661,mouse gut metagenome,DSSKO5,,,,,,,no,,,,,PEKING UNIVERSITY HEALTH SCIENCE CENTER,SRA895378,,public,AB61F91516AAC639776237868D2B248E,15A4C114377E332518B17827B71D9159
SRR9222687,2020-07-07 00:00:40,2019-06-11 22:33:09,43082,19035795,0,441,7,,https://sra-download.ncbi.nlm.nih.gov/traces/sra14/SRR/009006/SRR9222687,SRX5993182,DSSKO6,AMPLICON,PCR,METAGENOMIC,SINGLE,0,0,ILLUMINA,Illumina MiSeq,SRP200880,PRJNA547859,,547859,SRS4898111,SAMN11979350,simple,410661,mouse gut metagenome,DSSKO6,,,,,,,no,,,,,PEKING UNIVERSITY HEALTH SCIENCE CENTER,SRA895378,,public,434EA2EB99869E3911F4FF7032CE8869,1907E43169AC9646E7ED05D7A938CCBB
SRR9222690,2020-07-07 00:00:40,2019-06-11 22:33:23,43636,19258925,0,441,7,,https://sra-download.ncbi.nlm.nih.gov/traces/sra59/SRR/009006/SRR9222690,SRX5993179,DSSKO7,AMPLICON,PCR,METAGENOMIC,SINGLE,0,0,ILLUMINA,Illumina MiSeq,SRP200880,PRJNA547859,,547859,SRS4898109,SAMN11979351,simple,410661,mouse gut metagenome,DSSKO7,,,,,,,no,,,,,PEKING UNIVERSITY HEALTH SCIENCE CENTER,SRA895378,,public,AEA7ABFDF1CFB557DA459FF53D8F2390,5C1299F523386E6BB4C434F4BFBBC0FB
SRR9222689,2020-07-07 00:00:40,2019-06-11 22:33:05,49683,21815786,0,439,8,,https://sra-download.ncbi.nlm.nih.gov/traces/sra34/SRR/009006/SRR9222689,SRX5993180,DSSWT1,AMPLICON,PCR,METAGENOMIC,SINGLE,0,0,ILLUMINA,Illumina MiSeq,SRP200880,PRJNA547859,,547859,SRS4898108,SAMN11979352,simple,410661,mouse gut metagenome,DSSWT1,,,,,,,no,,,,,PEKING UNIVERSITY HEALTH SCIENCE CENTER,SRA895378,,public,8EAEEA5B60790538DDF46B742A2B4BDF,BF94C41CD63E752CB8B3E250CAEDA828
SRR9222692,2020-07-07 00:00:40,2019-06-11 22:33:18,50434,22267524,0,441,9,,https://sra-download.ncbi.nlm.nih.gov/traces/sra5/SRR/009006/SRR9222692,SRX5993177,DSSWT4,AMPLICON,PCR,METAGENOMIC,SINGLE,0,0,ILLUMINA,Illumina MiSeq,SRP200880,PRJNA547859,,547859,SRS4898107,SAMN11979353,simple,410661,mouse gut metagenome,DSSWT4,,,,,,,no,,,,,PEKING UNIVERSITY HEALTH SCIENCE CENTER,SRA895378,,public,EFF6CC8533654425E3AB87BD4F9127CA,19D7C5DCF6DE98B4089DEBF3F65153D2
SRR9222691,2020-07-07 00:00:40,2019-06-11 22:33:07,47771,20876889,0,437,8,,https://sra-download.ncbi.nlm.nih.gov/traces/sra41/SRR/009006/SRR9222691,SRX5993178,DSSWT5,AMPLICON,PCR,METAGENOMIC,SINGLE,0,0,ILLUMINA,Illumina MiSeq,SRP200880,PRJNA547859,,547859,SRS4898106,SAMN11979354,simple,410661,mouse gut metagenome,DSSWT5,,,,,,,no,,,,,PEKING UNIVERSITY HEALTH SCIENCE CENTER,SRA895378,,public,90D6DBDD4D9FA6122DC85F84BFAAC549,118D8F1120CDB364AC7852E38BDCC306
SRR9222694,2020-07-07 00:00:39,2019-06-11 22:32:57,41436,18347304,0,442,7,,https://sra-download.ncbi.nlm.nih.gov/traces/sra9/SRR/009006/SRR9222694,SRX5993175,DSSWT6,AMPLICON,PCR,METAGENOMIC,SINGLE,0,0,ILLUMINA,Illumina MiSeq,SRP200880,PRJNA547859,,547859,SRS4898104,SAMN11979355,simple,410661,mouse gut metagenome,DSSWT6,,,,,,,no,,,,,PEKING UNIVERSITY HEALTH SCIENCE CENTER,SRA895378,,public,F65093F72C29F8A8FF96CB1EEAE7FD46,3123C86B585772854B5A8A0497B8A543
SRR9222693,2020-07-07 00:00:39,2019-06-11 22:32:59,44444,19390719,0,436,8,,https://sra-download.ncbi.nlm.nih.gov/traces/sra9/SRR/009006/SRR9222693,SRX5993176,DSSWT7,AMPLICON,PCR,METAGENOMIC,SINGLE,0,0,ILLUMINA,Illumina MiSeq,SRP200880,PRJNA547859,,547859,SRS4898105,SAMN11979356,simple,410661,mouse gut metagenome,DSSWT7,,,,,,,no,,,,,PEKING UNIVERSITY HEALTH SCIENCE CENTER,SRA895378,,public,ED962410FBEF571386FCE34512AC584C,C3A04113F9BF44CC68C8C702BCE3ACC8
SRR9222680,2020-07-07 00:00:40,2019-06-11 22:33:08,45889,20216233,0,440,8,,https://sra-download.ncbi.nlm.nih.gov/traces/sra42/SRR/009006/SRR9222680,SRX5993189,K1,AMPLICON,PCR,METAGENOMIC,SINGLE,0,0,ILLUMINA,Illumina MiSeq,SRP200880,PRJNA547859,,547859,SRS4898117,SAMN11979357,simple,410661,mouse gut metagenome,K1,,,,,,,no,,,,,PEKING UNIVERSITY HEALTH SCIENCE CENTER,SRA895378,,public,EF5499F1F5A133C25C5E0425D1C3C1C4,1A779ECC4C35DA68EB85FE80E1DFA6FC
SRR9222679,2020-07-07 00:00:40,2019-06-11 22:33:13,42908,19029694,0,443,7,,https://sra-download.ncbi.nlm.nih.gov/traces/sra39/SRR/009006/SRR9222679,SRX5993190,K4,AMPLICON,PCR,METAGENOMIC,SINGLE,0,0,ILLUMINA,Illumina MiSeq,SRP200880,PRJNA547859,,547859,SRS4898120,SAMN11979358,simple,410661,mouse gut metagenome,K4,,,,,,,no,,,,,PEKING UNIVERSITY HEALTH SCIENCE CENTER,SRA895378,,public,DD801672D4C7E35F59DF1E16B5C3E294,CF9D21378EF3C161BA865A1B0700FF38
SRR9222678,2020-07-07 00:00:40,2019-06-11 22:33:13,42854,19113806,0,446,8,,https://sra-download.ncbi.nlm.nih.gov/traces/sra42/SRR/009006/SRR9222678,SRX5993191,K5,AMPLICON,PCR,METAGENOMIC,SINGLE,0,0,ILLUMINA,Illumina MiSeq,SRP200880,PRJNA547859,,547859,SRS4898119,SAMN11979359,simple,410661,mouse gut metagenome,K5,,,,,,,no,,,,,PEKING UNIVERSITY HEALTH SCIENCE CENTER,SRA895378,,public,F209A1C8929A8B7F4057FCF1FC9CC583,9D9C59A20F667A0B4B39D3D9AB1527A4
SRR9222677,2020-07-07 00:00:40,2019-06-11 22:33:16,48640,21640684,0,444,9,,https://sra-download.ncbi.nlm.nih.gov/traces/sra23/SRR/009006/SRR9222677,SRX5993192,K6,AMPLICON,PCR,METAGENOMIC,SINGLE,0,0,ILLUMINA,Illumina MiSeq,SRP200880,PRJNA547859,,547859,SRS4898121,SAMN11979360,simple,410661,mouse gut metagenome,K6,,,,,,,no,,,,,PEKING UNIVERSITY HEALTH SCIENCE CENTER,SRA895378,,public,E6E7D01B13D2E28F2D0B56669EF9E9D6,A8913FF66826EFBC7FD5EE3A41C692DD
SRR9222684,2020-07-07 00:00:40,2019-06-11 22:33:09,40301,17768333,0,440,7,,https://sra-download.ncbi.nlm.nih.gov/traces/sra54/SRR/009006/SRR9222684,SRX5993185,K7,AMPLICON,PCR,METAGENOMIC,SINGLE,0,0,ILLUMINA,Illumina MiSeq,SRP200880,PRJNA547859,,547859,SRS4898114,SAMN11979361,simple,410661,mouse gut metagenome,K7,,,,,,,no,,,,,PEKING UNIVERSITY HEALTH SCIENCE CENTER,SRA895378,,public,6E6C1FDEC85A30A3BA2736103FA592CE,57E0454ADD09B6A48D88185D2F644728
SRR9222683,2020-07-07 00:00:40,2019-06-11 22:33:18,43182,19070952,0,441,7,,https://sra-download.ncbi.nlm.nih.gov/traces/sra9/SRR/009006/SRR9222683,SRX5993186,W1,AMPLICON,PCR,METAGENOMIC,SINGLE,0,0,ILLUMINA,Illumina MiSeq,SRP200880,PRJNA547859,,547859,SRS4898115,SAMN11979362,simple,410661,mouse gut metagenome,W1,,,,,,,no,,,,,PEKING UNIVERSITY HEALTH SCIENCE CENTER,SRA895378,,public,81B7AD289919A95C487AB48112F18137,E224829B1267A8369BD590612DF8DAD7
SRR9222682,2020-07-07 00:00:40,2019-06-11 22:33:19,46254,20420501,0,441,8,,https://sra-download.ncbi.nlm.nih.gov/traces/sra14/SRR/009006/SRR9222682,SRX5993187,W4,AMPLICON,PCR,METAGENOMIC,SINGLE,0,0,ILLUMINA,Illumina MiSeq,SRP200880,PRJNA547859,,547859,SRS4898116,SAMN11979363,simple,410661,mouse gut metagenome,W4,,,,,,,no,,,,,PEKING UNIVERSITY HEALTH SCIENCE CENTER,SRA895378,,public,8FAF0AFFD5814FF436CFA287887AEBA2,B35A3E5C01E17EE7FDA21A9A47DC2B31
SRR9222681,2020-07-07 00:00:40,2019-06-11 22:33:22,50698,22222530,0,438,9,,https://sra-download.ncbi.nlm.nih.gov/traces/sra16/SRR/009006/SRR9222681,SRX5993188,W5,AMPLICON,PCR,METAGENOMIC,SINGLE,0,0,ILLUMINA,Illumina MiSeq,SRP200880,PRJNA547859,,547859,SRS4898118,SAMN11979364,simple,410661,mouse gut metagenome,W5,,,,,,,no,,,,,PEKING UNIVERSITY HEALTH SCIENCE CENTER,SRA895378,,public,F377112147427199593200C2BADAEE67,F8E146B95478590431492566ACB92741
SRR9222676,2020-07-07 00:00:40,2019-06-11 22:33:17,48118,21167206,0,439,8,,https://sra-download.ncbi.nlm.nih.gov/traces/sra51/SRR/009006/SRR9222676,SRX5993193,W6,AMPLICON,PCR,METAGENOMIC,SINGLE,0,0,ILLUMINA,Illumina MiSeq,SRP200880,PRJNA547859,,547859,SRS4898122,SAMN11979365,simple,410661,mouse gut metagenome,W6,,,,,,,no,,,,,PEKING UNIVERSITY HEALTH SCIENCE CENTER,SRA895378,,public,B281C0667345EEC87F479032B9810BE2,9B879C05C6D48DD4A9E771C38A334A16
SRR9222675,2020-07-07 00:00:40,2019-06-11 22:33:28,42762,18803426,0,439,7,,https://sra-download.ncbi.nlm.nih.gov/traces/sra3/SRR/009006/SRR9222675,SRX5993194,W7,AMPLICON,PCR,METAGENOMIC,SINGLE,0,0,ILLUMINA,Illumina MiSeq,SRP200880,PRJNA547859,,547859,SRS4898123,SAMN11979366,simple,410661,mouse gut metagenome,W7,,,,,,,no,,,,,PEKING UNIVERSITY HEALTH SCIENCE CENTER,SRA895378,,public,35248F5285BDACC0E9D0D3FE032DD757,BB38D5DCA2FBFF09C4587CDA71CF72A4
